filename,width,height,class,xmin,ymin,xmax,ymax
Image_18_jpeg_jpg.rf.5ca18b37363fbc866db3a34beae61b50.jpg,640,640,Colgate Max Fresh,250,197,382,573
frame-1_jpg.rf.1ead3d337931d33425219a428820a534.jpg,640,640,Colgate Triple Action,43,52,224,141
frame-1_jpg.rf.1ead3d337931d33425219a428820a534.jpg,640,640,Colgate Triple Action,29,135,221,218
frame-1_jpg.rf.1ead3d337931d33425219a428820a534.jpg,640,640,Colgate Triple Action,13,221,216,317
frame-1_jpg.rf.1ead3d337931d33425219a428820a534.jpg,640,640,Colgate Triple Action,2,317,208,414
frame-1_jpg.rf.1ead3d337931d33425219a428820a534.jpg,640,640,Colgate Herbal,222,104,430,205
frame-1_jpg.rf.1ead3d337931d33425219a428820a534.jpg,640,640,Colgate Herbal,216,205,437,304
frame-1_jpg.rf.1ead3d337931d33425219a428820a534.jpg,640,640,Colgate Herbal,208,305,438,418
frame-1_jpg.rf.1ead3d337931d33425219a428820a534.jpg,640,640,Colgate Max Fresh,436,140,609,238
frame-1_jpg.rf.1ead3d337931d33425219a428820a534.jpg,640,640,Colgate Max Fresh,432,82,600,153
frame-1_jpg.rf.1ead3d337931d33425219a428820a534.jpg,640,640,Colgate Max Fresh,438,237,624,326
frame-1_jpg.rf.1ead3d337931d33425219a428820a534.jpg,640,640,Colgate Max Fresh,440,321,639,421
Image_12_jpg.rf.7434e4be31cfa7a7f31965daf9ccafd1.jpg,640,640,Colgate Max Fresh,16,234,626,373
1-5-_jpeg_jpg.rf.b94a8ee907d30c64cd9c2ba40bfacdb1.jpg,640,640,Colgate Total,316,178,399,206
1-5-_jpeg_jpg.rf.b94a8ee907d30c64cd9c2ba40bfacdb1.jpg,640,640,Colgate Total,322,209,404,232
1-5-_jpeg_jpg.rf.b94a8ee907d30c64cd9c2ba40bfacdb1.jpg,640,640,Colgate Total,323,235,410,261
1-5-_jpeg_jpg.rf.b94a8ee907d30c64cd9c2ba40bfacdb1.jpg,640,640,Colgate Total,405,206,490,231
1-5-_jpeg_jpg.rf.b94a8ee907d30c64cd9c2ba40bfacdb1.jpg,640,640,Colgate Total,419,327,503,353
1-5-_jpeg_jpg.rf.b94a8ee907d30c64cd9c2ba40bfacdb1.jpg,640,640,Colgate Total,343,354,421,381
1-5-_jpeg_jpg.rf.b94a8ee907d30c64cd9c2ba40bfacdb1.jpg,640,640,Colgate Total,422,355,508,383
1-5-_jpeg_jpg.rf.b94a8ee907d30c64cd9c2ba40bfacdb1.jpg,640,640,Colgate Total,505,300,590,325
1-5-_jpeg_jpg.rf.b94a8ee907d30c64cd9c2ba40bfacdb1.jpg,640,640,Colgate Total,506,329,594,357
frame-1216_jpg.rf.7233a00bdba84124f90803ce1bad2b50.jpg,640,640,Colgate Max Fresh,349,0,553,73
frame-1216_jpg.rf.7233a00bdba84124f90803ce1bad2b50.jpg,640,640,Colgate Max Fresh,347,74,569,167
frame-1216_jpg.rf.7233a00bdba84124f90803ce1bad2b50.jpg,640,640,Colgate Max Fresh,347,158,599,268
frame-1216_jpg.rf.7233a00bdba84124f90803ce1bad2b50.jpg,640,640,Colgate Max Fresh,353,253,619,380
frame-1216_jpg.rf.7233a00bdba84124f90803ce1bad2b50.jpg,640,640,Colgate Max Fresh,350,365,615,484
frame-1216_jpg.rf.7233a00bdba84124f90803ce1bad2b50.jpg,640,640,Colgate Max Fresh,353,456,610,560
frame-1216_jpg.rf.7233a00bdba84124f90803ce1bad2b50.jpg,640,640,Colgate Herbal,121,110,351,211
frame-1216_jpg.rf.7233a00bdba84124f90803ce1bad2b50.jpg,640,640,Colgate Herbal,130,22,348,117
frame-1216_jpg.rf.7233a00bdba84124f90803ce1bad2b50.jpg,640,640,Colgate Herbal,108,216,347,327
frame-1216_jpg.rf.7233a00bdba84124f90803ce1bad2b50.jpg,640,640,Colgate Herbal,85,332,344,449
frame-1216_jpg.rf.7233a00bdba84124f90803ce1bad2b50.jpg,640,640,Colgate Herbal,93,443,349,544
1675856225735_jpg.rf.f2f014e6e2a0ad0b92f6c86990f55475.jpg,640,640,Colgate Optic White,70,249,561,356
1675856225735_jpg.rf.f2f014e6e2a0ad0b92f6c86990f55475.jpg,640,640,Colgate Optic White,74,359,552,459
frame-1212_jpg.rf.01795f286c51f78232be195f87a30bf3.jpg,640,640,Colgate Max Fresh,350,12,550,86
frame-1212_jpg.rf.01795f286c51f78232be195f87a30bf3.jpg,640,640,Colgate Max Fresh,349,90,569,173
frame-1212_jpg.rf.01795f286c51f78232be195f87a30bf3.jpg,640,640,Colgate Max Fresh,350,172,594,280
frame-1212_jpg.rf.01795f286c51f78232be195f87a30bf3.jpg,640,640,Colgate Max Fresh,353,261,622,397
frame-1212_jpg.rf.01795f286c51f78232be195f87a30bf3.jpg,640,640,Colgate Max Fresh,349,372,614,495
frame-1212_jpg.rf.01795f286c51f78232be195f87a30bf3.jpg,640,640,Colgate Max Fresh,353,473,611,576
frame-1212_jpg.rf.01795f286c51f78232be195f87a30bf3.jpg,640,640,Colgate Herbal,123,126,345,221
frame-1212_jpg.rf.01795f286c51f78232be195f87a30bf3.jpg,640,640,Colgate Herbal,105,224,351,336
frame-1212_jpg.rf.01795f286c51f78232be195f87a30bf3.jpg,640,640,Colgate Herbal,83,342,342,466
Image_9_jpg.rf.c97de0eca38b4ce11c067b450825f5c6.jpg,640,640,Colgate Max Fresh,242,28,397,609
IMG-20230208-WA0077_resized_jpeg_jpg.rf.d50e0bf720bd3737d738acbc5c59f920.jpg,640,640,Colgate Natural extracts,3,126,640,225
IMG-20230208-WA0077_resized_jpeg_jpg.rf.d50e0bf720bd3737d738acbc5c59f920.jpg,640,640,Colgate Natural extracts,26,215,611,303
Image_38_jpg.rf.6886fe3542dfb4f2e306e9351c4bc6a1.jpg,640,640,Colgate Max Fresh,102,351,506,497
20230210_131620_jpg.rf.92f87df2dfaeb0732723bf0ba7037ee2.jpg,640,640,Colgate Optic White,118,123,567,205
20230210_131620_jpg.rf.92f87df2dfaeb0732723bf0ba7037ee2.jpg,640,640,Colgate Optic White,114,196,562,270
20230210_131620_jpg.rf.92f87df2dfaeb0732723bf0ba7037ee2.jpg,640,640,Colgate Optic White,120,265,554,337
20230210_131620_jpg.rf.92f87df2dfaeb0732723bf0ba7037ee2.jpg,640,640,Colgate Optic White,121,338,578,416
20230210_131620_jpg.rf.92f87df2dfaeb0732723bf0ba7037ee2.jpg,640,640,Colgate Optic White,127,519,562,591
20230210_131620_jpg.rf.92f87df2dfaeb0732723bf0ba7037ee2.jpg,640,640,Colgate Optic White,122,589,555,639
Image_22_jpg.rf.78ad8e16c65c51afc076cdbc4d048681.jpg,640,640,Colgate Max Fresh,252,37,396,608
IMG_20230222_140430_1_jpg.rf.60159973a080e554a8b4f09a8fae459a.jpg,640,640,Colgate Total,160,195,404,282
IMG_20230222_140430_1_jpg.rf.60159973a080e554a8b4f09a8fae459a.jpg,640,640,Colgate Total,412,191,640,278
IMG_20230222_140430_1_jpg.rf.60159973a080e554a8b4f09a8fae459a.jpg,640,640,Colgate Total,160,289,409,369
IMG_20230222_140430_1_jpg.rf.60159973a080e554a8b4f09a8fae459a.jpg,640,640,Colgate Total,408,285,640,365
IMG_20230222_140430_1_jpg.rf.60159973a080e554a8b4f09a8fae459a.jpg,640,640,Colgate Total,410,369,640,447
IMG_20230222_140430_1_jpg.rf.60159973a080e554a8b4f09a8fae459a.jpg,640,640,Colgate Total,160,379,408,460
IMG_20230222_140430_1_jpg.rf.60159973a080e554a8b4f09a8fae459a.jpg,640,640,Colgate Total,0,197,155,286
IMG_20230222_140430_1_jpg.rf.60159973a080e554a8b4f09a8fae459a.jpg,640,640,Colgate Total,1,290,157,379
IMG_20230222_140430_1_jpg.rf.60159973a080e554a8b4f09a8fae459a.jpg,640,640,Colgate Total,2,379,163,468
20230203_110746_jpg.rf.010d6d8f8b44adadb691cc56062ac574.jpg,640,640,Colgate Total,52,202,564,280
20230203_110746_jpg.rf.010d6d8f8b44adadb691cc56062ac574.jpg,640,640,Colgate Total,62,261,549,334
20230203_110746_jpg.rf.010d6d8f8b44adadb691cc56062ac574.jpg,640,640,Colgate Total,139,437,632,538
Image_30_jpg.rf.be9cf1b66795e1f17c8fc6b3c486ffc9.jpg,640,640,Colgate Max Fresh,17,255,631,371
20230203_110741_jpg.rf.fbe77703cbd90a7bad24552d73ab0f11.jpg,640,640,Colgate Natural extracts,23,259,626,329
20230203_110741_jpg.rf.fbe77703cbd90a7bad24552d73ab0f11.jpg,640,640,Colgate Natural extracts,46,320,619,389
frame-167_jpg.rf.2a99da7e7c9682cc39e8c3bb2dcb9b98.jpg,640,640,Colgate Max Fresh,275,207,479,302
frame-167_jpg.rf.2a99da7e7c9682cc39e8c3bb2dcb9b98.jpg,640,640,Colgate Max Fresh,270,308,488,405
frame-167_jpg.rf.2a99da7e7c9682cc39e8c3bb2dcb9b98.jpg,640,640,Colgate Max Fresh,265,424,500,523
frame-167_jpg.rf.2a99da7e7c9682cc39e8c3bb2dcb9b98.jpg,640,640,Colgate Original,58,206,274,300
frame-167_jpg.rf.2a99da7e7c9682cc39e8c3bb2dcb9b98.jpg,640,640,Colgate Original,46,306,266,404
frame-167_jpg.rf.2a99da7e7c9682cc39e8c3bb2dcb9b98.jpg,640,640,Colgate Original,32,426,267,524
Image_31_jpg.rf.a0a2005f52fae34a898b4930836f483b.jpg,640,640,Colgate Max Fresh,42,213,601,483
20230222_134555_jpg.rf.9e848ba97b09066b5c4f0a421c04d9f9.jpg,640,640,Colgate Total,120,55,473,152
20230222_134555_jpg.rf.9e848ba97b09066b5c4f0a421c04d9f9.jpg,640,640,Colgate Total,133,145,472,234
20230222_134555_jpg.rf.9e848ba97b09066b5c4f0a421c04d9f9.jpg,640,640,Colgate Total,144,363,448,439
20230222_134555_jpg.rf.9e848ba97b09066b5c4f0a421c04d9f9.jpg,640,640,Colgate Total,155,432,444,507
20230222_134555_jpg.rf.9e848ba97b09066b5c4f0a421c04d9f9.jpg,640,640,Colgate Total,449,355,640,433
20230222_134555_jpg.rf.9e848ba97b09066b5c4f0a421c04d9f9.jpg,640,640,Colgate Total,445,430,640,489
Image_7_jpg.rf.5309be56a5dcf42d5ae21b9489d355fb.jpg,640,640,Colgate Max Fresh,11,53,636,282
IMG-20221228-WA0010_jpg.rf.9732524ca4719c8a005632c617e15fb3.jpg,640,640,Colgate Optic White,116,345,354,399
IMG-20221228-WA0010_jpg.rf.9732524ca4719c8a005632c617e15fb3.jpg,640,640,Colgate Optic White,122,435,353,484
IMG-20221228-WA0010_jpg.rf.9732524ca4719c8a005632c617e15fb3.jpg,640,640,Colgate Optic White,121,394,355,444
IMG-20221228-WA0010_jpg.rf.9732524ca4719c8a005632c617e15fb3.jpg,640,640,Colgate Optic White,353,396,550,440
IMG-20221228-WA0010_jpg.rf.9732524ca4719c8a005632c617e15fb3.jpg,640,640,Colgate Optic White,351,438,546,486
IMG-20221228-WA0010_jpg.rf.9732524ca4719c8a005632c617e15fb3.jpg,640,640,Colgate Total,167,598,350,640
IMG-20221228-WA0010_jpg.rf.9732524ca4719c8a005632c617e15fb3.jpg,640,640,Colgate Total,165,574,353,608
IMG-20221228-WA0010_jpg.rf.9732524ca4719c8a005632c617e15fb3.jpg,640,640,Colgate Total,155,539,353,577
IMG-20221228-WA0010_jpg.rf.9732524ca4719c8a005632c617e15fb3.jpg,640,640,Colgate Total,0,570,165,610
IMG-20221228-WA0010_jpg.rf.9732524ca4719c8a005632c617e15fb3.jpg,640,640,Colgate Total,0,541,161,573
IMG-20221228-WA0010_jpg.rf.9732524ca4719c8a005632c617e15fb3.jpg,640,640,Colgate Total,356,576,547,613
IMG-20221228-WA0010_jpg.rf.9732524ca4719c8a005632c617e15fb3.jpg,640,640,Colgate Total,356,544,550,577
IMG-20221228-WA0009_jpg.rf.ca22f8b106cd189cc2a86ce078bfc1f1.jpg,640,640,Colgate Optic White,122,439,347,493
IMG-20221228-WA0009_jpg.rf.ca22f8b106cd189cc2a86ce078bfc1f1.jpg,640,640,Colgate Optic White,115,401,345,440
IMG-20221228-WA0009_jpg.rf.ca22f8b106cd189cc2a86ce078bfc1f1.jpg,640,640,Colgate Optic White,108,352,346,403
IMG-20221228-WA0009_jpg.rf.ca22f8b106cd189cc2a86ce078bfc1f1.jpg,640,640,Colgate Optic White,346,444,542,490
IMG-20221228-WA0009_jpg.rf.ca22f8b106cd189cc2a86ce078bfc1f1.jpg,640,640,Colgate Optic White,349,397,542,449
IMG-20221228-WA0009_jpg.rf.ca22f8b106cd189cc2a86ce078bfc1f1.jpg,640,640,Colgate Total,167,610,355,640
IMG-20221228-WA0009_jpg.rf.ca22f8b106cd189cc2a86ce078bfc1f1.jpg,640,640,Colgate Total,162,582,347,617
IMG-20221228-WA0009_jpg.rf.ca22f8b106cd189cc2a86ce078bfc1f1.jpg,640,640,Colgate Total,154,547,348,584
IMG-20221228-WA0009_jpg.rf.ca22f8b106cd189cc2a86ce078bfc1f1.jpg,640,640,Colgate Total,0,581,159,617
IMG-20221228-WA0009_jpg.rf.ca22f8b106cd189cc2a86ce078bfc1f1.jpg,640,640,Colgate Total,0,548,153,585
IMG-20221228-WA0009_jpg.rf.ca22f8b106cd189cc2a86ce078bfc1f1.jpg,640,640,Colgate Total,352,579,547,619
IMG-20221228-WA0009_jpg.rf.ca22f8b106cd189cc2a86ce078bfc1f1.jpg,640,640,Colgate Total,352,547,550,585
IMG_20230210_104902_jpg.rf.71d659327bd38598798252c5c83d7948.jpg,640,640,Colgate Total,10,144,588,327
IMG_20230210_104902_jpg.rf.71d659327bd38598798252c5c83d7948.jpg,640,640,Colgate Total,39,311,581,465
6-2-_jpg.rf.770b63ab546c29d26a6d58944b4d9cc1.jpg,640,640,Colgate Optic White,517,285,580,312
6-2-_jpg.rf.770b63ab546c29d26a6d58944b4d9cc1.jpg,640,640,Colgate Optic White,452,288,512,309
6-2-_jpg.rf.770b63ab546c29d26a6d58944b4d9cc1.jpg,640,640,Colgate Optic White,452,257,516,286
6-2-_jpg.rf.770b63ab546c29d26a6d58944b4d9cc1.jpg,640,640,Colgate Optic White,319,359,383,386
6-2-_jpg.rf.770b63ab546c29d26a6d58944b4d9cc1.jpg,640,640,Colgate Optic White,381,360,441,386
6-2-_jpg.rf.770b63ab546c29d26a6d58944b4d9cc1.jpg,640,640,Colgate Total,317,428,380,453
6-2-_jpg.rf.770b63ab546c29d26a6d58944b4d9cc1.jpg,640,640,Colgate Total,318,409,373,427
IMG-20220127-WA0083_jpg.rf.9e4a4708d9c02fca8e9dea56d2244eca.jpg,640,640,Colgate Herbal,248,312,559,381
IMG-20220127-WA0083_jpg.rf.9e4a4708d9c02fca8e9dea56d2244eca.jpg,640,640,Colgate Herbal,254,257,556,333
IMG-20220127-WA0083_jpg.rf.9e4a4708d9c02fca8e9dea56d2244eca.jpg,640,640,Colgate Herbal,253,201,559,282
IMG-20220127-WA0083_jpg.rf.9e4a4708d9c02fca8e9dea56d2244eca.jpg,640,640,Colgate Herbal,251,155,556,241
IMG-20220127-WA0083_jpg.rf.9e4a4708d9c02fca8e9dea56d2244eca.jpg,640,640,Colgate Herbal,261,102,550,196
IMG-20220127-WA0083_jpg.rf.9e4a4708d9c02fca8e9dea56d2244eca.jpg,640,640,Colgate Herbal,263,53,547,156
IMG-20220127-WA0083_jpg.rf.9e4a4708d9c02fca8e9dea56d2244eca.jpg,640,640,Colgate Herbal,267,11,545,109
IMG-20220127-WA0083_jpg.rf.9e4a4708d9c02fca8e9dea56d2244eca.jpg,640,640,Colgate Herbal,235,484,588,555
IMG-20220127-WA0083_jpg.rf.9e4a4708d9c02fca8e9dea56d2244eca.jpg,640,640,Colgate Herbal,246,433,577,498
IMG-20220127-WA0083_jpg.rf.9e4a4708d9c02fca8e9dea56d2244eca.jpg,640,640,Colgate Herbal,246,378,580,434
IMG-20220127-WA0083_jpg.rf.9e4a4708d9c02fca8e9dea56d2244eca.jpg,640,640,Colgate Herbal,244,548,584,637
IMG-20220127-WA0083_jpg.rf.9e4a4708d9c02fca8e9dea56d2244eca.jpg,640,640,Colgate Herbal,235,545,586,638
IMG-20220127-WA0083_jpg.rf.9e4a4708d9c02fca8e9dea56d2244eca.jpg,640,640,Colgate Herbal,70,90,259,160
IMG-20220127-WA0083_jpg.rf.9e4a4708d9c02fca8e9dea56d2244eca.jpg,640,640,Colgate Herbal,82,56,264,127
IMG-20220127-WA0083_jpg.rf.9e4a4708d9c02fca8e9dea56d2244eca.jpg,640,640,Colgate Herbal,0,523,220,600
IMG-20220127-WA0083_jpg.rf.9e4a4708d9c02fca8e9dea56d2244eca.jpg,640,640,Colgate Herbal,16,479,227,546
IMG-20220127-WA0083_jpg.rf.9e4a4708d9c02fca8e9dea56d2244eca.jpg,640,640,Colgate Herbal,18,434,228,489
IMG-20220127-WA0083_jpg.rf.9e4a4708d9c02fca8e9dea56d2244eca.jpg,640,640,Colgate Herbal,26,381,241,436
IMG-20220127-WA0083_jpg.rf.9e4a4708d9c02fca8e9dea56d2244eca.jpg,640,640,Colgate Herbal,26,335,250,386
IMG-20220127-WA0083_jpg.rf.9e4a4708d9c02fca8e9dea56d2244eca.jpg,640,640,Colgate Herbal,42,289,247,341
IMG-20220127-WA0083_jpg.rf.9e4a4708d9c02fca8e9dea56d2244eca.jpg,640,640,Colgate Herbal,52,245,251,308
IMG-20220127-WA0083_jpg.rf.9e4a4708d9c02fca8e9dea56d2244eca.jpg,640,640,Colgate Herbal,51,202,255,269
IMG-20220127-WA0083_jpg.rf.9e4a4708d9c02fca8e9dea56d2244eca.jpg,640,640,Colgate Herbal,60,161,255,231
IMG-20220127-WA0083_jpg.rf.9e4a4708d9c02fca8e9dea56d2244eca.jpg,640,640,Colgate Herbal,63,120,262,191
Image_4_jpg.rf.fc8cd07076c4ac51219a68d14877e8d3.jpg,640,640,Colgate Max Fresh,27,240,616,394
Image_25_jpeg_jpg.rf.660657515f04dc98af5ad81589346014.jpg,640,640,Colgate Max Fresh,20,18,615,146
Image_25_jpeg_jpg.rf.660657515f04dc98af5ad81589346014.jpg,640,640,Colgate Max Fresh,16,183,621,312
Image_25_jpeg_jpg.rf.660657515f04dc98af5ad81589346014.jpg,640,640,Colgate Max Fresh,18,341,619,476
Image_25_jpeg_jpg.rf.660657515f04dc98af5ad81589346014.jpg,640,640,Colgate Max Fresh,20,507,617,639
1-3-_jpeg_jpg.rf.d9f1e7b52717c86c21f56b8daa48b6c5.jpg,640,640,Colgate Total,44,358,129,391
1-3-_jpeg_jpg.rf.d9f1e7b52717c86c21f56b8daa48b6c5.jpg,640,640,Colgate Total,41,328,126,360
1-3-_jpeg_jpg.rf.d9f1e7b52717c86c21f56b8daa48b6c5.jpg,640,640,Colgate Total,36,304,120,329
1-3-_jpeg_jpg.rf.d9f1e7b52717c86c21f56b8daa48b6c5.jpg,640,640,Colgate Total,127,358,211,385
1-3-_jpeg_jpg.rf.d9f1e7b52717c86c21f56b8daa48b6c5.jpg,640,640,Colgate Total,123,330,205,358
1-3-_jpeg_jpg.rf.d9f1e7b52717c86c21f56b8daa48b6c5.jpg,640,640,Colgate Total,122,303,206,333
1-3-_jpeg_jpg.rf.d9f1e7b52717c86c21f56b8daa48b6c5.jpg,640,640,Colgate Total,206,355,293,386
1-3-_jpeg_jpg.rf.d9f1e7b52717c86c21f56b8daa48b6c5.jpg,640,640,Colgate Total,205,327,289,356
1-3-_jpeg_jpg.rf.d9f1e7b52717c86c21f56b8daa48b6c5.jpg,640,640,Colgate Total,206,305,288,334
1-3-_jpeg_jpg.rf.d9f1e7b52717c86c21f56b8daa48b6c5.jpg,640,640,Colgate Total,289,356,370,380
1-3-_jpeg_jpg.rf.d9f1e7b52717c86c21f56b8daa48b6c5.jpg,640,640,Colgate Total,288,328,372,356
1-3-_jpeg_jpg.rf.d9f1e7b52717c86c21f56b8daa48b6c5.jpg,640,640,Colgate Total,290,302,371,328
1-3-_jpeg_jpg.rf.d9f1e7b52717c86c21f56b8daa48b6c5.jpg,640,640,Colgate Total,371,317,462,350
1-3-_jpeg_jpg.rf.d9f1e7b52717c86c21f56b8daa48b6c5.jpg,640,640,Colgate Total,371,350,461,385
1-3-_jpeg_jpg.rf.d9f1e7b52717c86c21f56b8daa48b6c5.jpg,640,640,Colgate Total,461,348,553,384
1-3-_jpeg_jpg.rf.d9f1e7b52717c86c21f56b8daa48b6c5.jpg,640,640,Colgate Total,460,318,552,349
1-3-_jpeg_jpg.rf.d9f1e7b52717c86c21f56b8daa48b6c5.jpg,640,640,Colgate Total,463,289,557,318
1-3-_jpeg_jpg.rf.d9f1e7b52717c86c21f56b8daa48b6c5.jpg,640,640,Colgate Optic White,189,195,270,230
1-3-_jpeg_jpg.rf.d9f1e7b52717c86c21f56b8daa48b6c5.jpg,640,640,Colgate Optic White,268,160,361,198
1-3-_jpeg_jpg.rf.d9f1e7b52717c86c21f56b8daa48b6c5.jpg,640,640,Colgate Optic White,266,193,363,231
1-3-_jpeg_jpg.rf.d9f1e7b52717c86c21f56b8daa48b6c5.jpg,640,640,Colgate Optic White,362,194,454,229
IMG_20230210_104914_jpg.rf.4aa7f1eae1a98e1e532e178f435ee574.jpg,640,640,Colgate Total,2,231,627,428
20230223_120905_jpg.rf.3e8bf4333675d5a369a33797ff827d0c.jpg,640,640,Colgate Optic White,157,143,378,287
20230223_120905_jpg.rf.3e8bf4333675d5a369a33797ff827d0c.jpg,640,640,Colgate Optic White,162,269,371,410
20230223_120905_jpg.rf.3e8bf4333675d5a369a33797ff827d0c.jpg,640,640,Colgate Optic White,381,37,619,196
20230223_120905_jpg.rf.3e8bf4333675d5a369a33797ff827d0c.jpg,640,640,Colgate Optic White,371,165,601,325
20230223_120905_jpg.rf.3e8bf4333675d5a369a33797ff827d0c.jpg,640,640,Colgate Optic White,368,292,596,446
20230223_120905_jpg.rf.3e8bf4333675d5a369a33797ff827d0c.jpg,640,640,Colgate Optic White,0,129,158,258
20230223_120905_jpg.rf.3e8bf4333675d5a369a33797ff827d0c.jpg,640,640,Colgate Optic White,0,245,158,380
IMG-3566_jpg.rf.d67ac767f96de7e624c602330f4998a1.jpg,640,640,Colgate Optic White,113,78,636,211
IMG-3566_jpg.rf.d67ac767f96de7e624c602330f4998a1.jpg,640,640,Colgate Optic White,19,420,538,540
IMG-2968_jpg.rf.ec4199e1499f5d6d889211f4338d5e5d.jpg,640,640,Colgate Natural extracts,23,229,602,348
IMG-2968_jpg.rf.ec4199e1499f5d6d889211f4338d5e5d.jpg,640,640,Colgate Natural extracts,69,341,601,448
20230210_131634_jpg.rf.8aee489d38e3631b0a260bc39fd3444b.jpg,640,640,Colgate Total,136,160,607,236
20230210_131634_jpg.rf.8aee489d38e3631b0a260bc39fd3444b.jpg,640,640,Colgate Total,132,290,598,354
20230210_131634_jpg.rf.8aee489d38e3631b0a260bc39fd3444b.jpg,640,640,Colgate Total,137,229,604,291
20230210_131634_jpg.rf.8aee489d38e3631b0a260bc39fd3444b.jpg,640,640,Colgate Total,124,411,603,480
20230210_131634_jpg.rf.8aee489d38e3631b0a260bc39fd3444b.jpg,640,640,Colgate Total,128,352,594,412
20230210_131634_jpg.rf.8aee489d38e3631b0a260bc39fd3444b.jpg,640,640,Colgate Total,0,195,131,486
20230210_131634_jpg.rf.8aee489d38e3631b0a260bc39fd3444b.jpg,640,640,Colgate Total,131,551,610,629
81rT4hGUXmL-_AC_UF1000-1000_QL80__jpg.rf.a6e5109fa171ad9a8221a763eeef0965.jpg,640,640,Colgate Herbal,1,0,640,164
81rT4hGUXmL-_AC_UF1000-1000_QL80__jpg.rf.a6e5109fa171ad9a8221a763eeef0965.jpg,640,640,Colgate Herbal,0,166,640,337
81rT4hGUXmL-_AC_UF1000-1000_QL80__jpg.rf.a6e5109fa171ad9a8221a763eeef0965.jpg,640,640,Colgate Herbal,0,319,640,496
81rT4hGUXmL-_AC_UF1000-1000_QL80__jpg.rf.a6e5109fa171ad9a8221a763eeef0965.jpg,640,640,Colgate Herbal,1,489,637,640
IMG_20230222_124333_jpg.rf.f0a628063d659a7f82ca50a288f63642.jpg,640,640,Colgate Total,29,120,640,388
IMG_20230222_124333_jpg.rf.f0a628063d659a7f82ca50a288f63642.jpg,640,640,Colgate Total,43,385,635,633
frame-1025_jpg.rf.4b69fee36910021b219b99d53184704f.jpg,640,640,Colgate Max Fresh,65,103,343,221
frame-1025_jpg.rf.4b69fee36910021b219b99d53184704f.jpg,640,640,Colgate Max Fresh,38,227,337,354
frame-1025_jpg.rf.4b69fee36910021b219b99d53184704f.jpg,640,640,Colgate Max Fresh,85,0,338,109
frame-1025_jpg.rf.4b69fee36910021b219b99d53184704f.jpg,640,640,Colgate Max Fresh,339,2,605,111
frame-1025_jpg.rf.4b69fee36910021b219b99d53184704f.jpg,640,640,Colgate Max Fresh,340,104,600,226
frame-1025_jpg.rf.4b69fee36910021b219b99d53184704f.jpg,640,640,Colgate Max Fresh,338,224,575,336
frame-1013_jpg.rf.106b22828f0d9369783f45130861725a.jpg,640,640,Colgate Max Fresh,74,112,342,228
frame-1013_jpg.rf.106b22828f0d9369783f45130861725a.jpg,640,640,Colgate Max Fresh,89,0,342,113
frame-1013_jpg.rf.106b22828f0d9369783f45130861725a.jpg,640,640,Colgate Max Fresh,47,231,340,363
frame-1013_jpg.rf.106b22828f0d9369783f45130861725a.jpg,640,640,Colgate Max Fresh,342,1,611,123
frame-1013_jpg.rf.106b22828f0d9369783f45130861725a.jpg,640,640,Colgate Max Fresh,342,117,610,230
frame-1013_jpg.rf.106b22828f0d9369783f45130861725a.jpg,640,640,Colgate Max Fresh,340,231,587,350
WhatsApp-Gorsel-2023-02-02-saat-14-07-06_jpg.rf.f278eb7d058ad9946ea8b3fd07e0fd0f.jpg,640,640,Colgate Optic White,115,59,178,86
WhatsApp-Gorsel-2023-02-02-saat-14-07-06_jpg.rf.f278eb7d058ad9946ea8b3fd07e0fd0f.jpg,640,640,Colgate Optic White,112,33,176,62
WhatsApp-Gorsel-2023-02-02-saat-14-07-06_jpg.rf.f278eb7d058ad9946ea8b3fd07e0fd0f.jpg,640,640,Colgate Optic White,114,10,178,38
WhatsApp-Gorsel-2023-02-02-saat-14-07-06_jpg.rf.f278eb7d058ad9946ea8b3fd07e0fd0f.jpg,640,640,Colgate Optic White,177,59,243,84
WhatsApp-Gorsel-2023-02-02-saat-14-07-06_jpg.rf.f278eb7d058ad9946ea8b3fd07e0fd0f.jpg,640,640,Colgate Optic White,179,34,243,60
WhatsApp-Gorsel-2023-02-02-saat-14-07-06_jpg.rf.f278eb7d058ad9946ea8b3fd07e0fd0f.jpg,640,640,Colgate Optic White,239,57,304,85
WhatsApp-Gorsel-2023-02-02-saat-14-07-06_jpg.rf.f278eb7d058ad9946ea8b3fd07e0fd0f.jpg,640,640,Colgate Optic White,242,33,305,59
WhatsApp-Gorsel-2023-02-02-saat-14-07-06_jpg.rf.f278eb7d058ad9946ea8b3fd07e0fd0f.jpg,640,640,Colgate Optic White,70,165,129,187
WhatsApp-Gorsel-2023-02-02-saat-14-07-06_jpg.rf.f278eb7d058ad9946ea8b3fd07e0fd0f.jpg,640,640,Colgate Optic White,66,140,126,164
WhatsApp-Gorsel-2023-02-02-saat-14-07-06_jpg.rf.f278eb7d058ad9946ea8b3fd07e0fd0f.jpg,640,640,Colgate Optic White,128,160,188,185
WhatsApp-Gorsel-2023-02-02-saat-14-07-06_jpg.rf.f278eb7d058ad9946ea8b3fd07e0fd0f.jpg,640,640,Colgate Optic White,127,139,191,164
WhatsApp-Gorsel-2023-02-02-saat-14-07-06_jpg.rf.f278eb7d058ad9946ea8b3fd07e0fd0f.jpg,640,640,Colgate Optic White,245,184,306,206
WhatsApp-Gorsel-2023-02-02-saat-14-07-06_jpg.rf.f278eb7d058ad9946ea8b3fd07e0fd0f.jpg,640,640,Colgate Optic White,243,160,307,184
WhatsApp-Gorsel-2023-02-02-saat-14-07-06_jpg.rf.f278eb7d058ad9946ea8b3fd07e0fd0f.jpg,640,640,Colgate Optic White,245,139,305,161
WhatsApp-Gorsel-2023-02-02-saat-14-07-06_jpg.rf.f278eb7d058ad9946ea8b3fd07e0fd0f.jpg,640,640,Colgate Optic White,77,268,135,293
WhatsApp-Gorsel-2023-02-02-saat-14-07-06_jpg.rf.f278eb7d058ad9946ea8b3fd07e0fd0f.jpg,640,640,Colgate Optic White,75,249,137,272
WhatsApp-Gorsel-2023-02-02-saat-14-07-06_jpg.rf.f278eb7d058ad9946ea8b3fd07e0fd0f.jpg,640,640,Colgate Optic White,136,268,195,293
WhatsApp-Gorsel-2023-02-02-saat-14-07-06_jpg.rf.f278eb7d058ad9946ea8b3fd07e0fd0f.jpg,640,640,Colgate Optic White,136,247,196,269
WhatsApp-Gorsel-2023-02-02-saat-14-07-06_jpg.rf.f278eb7d058ad9946ea8b3fd07e0fd0f.jpg,640,640,Colgate Optic White,248,271,308,293
WhatsApp-Gorsel-2023-02-02-saat-14-07-06_jpg.rf.f278eb7d058ad9946ea8b3fd07e0fd0f.jpg,640,640,Colgate Optic White,244,248,308,271
WhatsApp-Gorsel-2023-02-02-saat-14-07-06_jpg.rf.f278eb7d058ad9946ea8b3fd07e0fd0f.jpg,640,640,Colgate Optic White,306,246,370,271
WhatsApp-Gorsel-2023-02-02-saat-14-07-06_jpg.rf.f278eb7d058ad9946ea8b3fd07e0fd0f.jpg,640,640,Colgate Natural extracts,143,424,203,447
WhatsApp-Gorsel-2023-02-02-saat-14-07-06_jpg.rf.f278eb7d058ad9946ea8b3fd07e0fd0f.jpg,640,640,Colgate Natural extracts,134,405,192,427
WhatsApp-Gorsel-2023-02-02-saat-14-07-06_jpg.rf.f278eb7d058ad9946ea8b3fd07e0fd0f.jpg,640,640,Colgate Natural extracts,197,403,257,428
WhatsApp-Gorsel-2023-02-02-saat-14-07-06_jpg.rf.f278eb7d058ad9946ea8b3fd07e0fd0f.jpg,640,640,Colgate Natural extracts,88,423,144,448
WhatsApp-Gorsel-2023-02-02-saat-14-07-06_jpg.rf.f278eb7d058ad9946ea8b3fd07e0fd0f.jpg,640,640,Colgate Natural extracts,105,500,162,522
WhatsApp-Gorsel-2023-02-02-saat-14-07-06_jpg.rf.f278eb7d058ad9946ea8b3fd07e0fd0f.jpg,640,640,Colgate Natural extracts,106,481,161,502
WhatsApp-Gorsel-2023-02-02-saat-14-07-06_jpg.rf.f278eb7d058ad9946ea8b3fd07e0fd0f.jpg,640,640,Colgate Natural extracts,161,500,223,523
WhatsApp-Gorsel-2023-02-02-saat-14-07-06_jpg.rf.f278eb7d058ad9946ea8b3fd07e0fd0f.jpg,640,640,Colgate Natural extracts,159,482,218,504
20230222_115822_jpg.rf.426e9745c16f05ab867659d0812de787.jpg,640,640,Colgate Total,0,223,637,310
20230222_115822_jpg.rf.426e9745c16f05ab867659d0812de787.jpg,640,640,Colgate Total,45,301,618,371
4-2-_jpeg_jpg.rf.797f3a98b2e43d2b91dc8764c6656c44.jpg,640,640,Colgate Optic White,340,341,456,372
4-2-_jpeg_jpg.rf.797f3a98b2e43d2b91dc8764c6656c44.jpg,640,640,Colgate Optic White,335,319,454,353
4-2-_jpeg_jpg.rf.797f3a98b2e43d2b91dc8764c6656c44.jpg,640,640,Colgate Optic White,459,343,567,368
4-2-_jpeg_jpg.rf.797f3a98b2e43d2b91dc8764c6656c44.jpg,640,640,Colgate Optic White,460,320,563,347
4-2-_jpeg_jpg.rf.797f3a98b2e43d2b91dc8764c6656c44.jpg,640,640,Colgate Optic White,474,262,581,291
4-2-_jpeg_jpg.rf.797f3a98b2e43d2b91dc8764c6656c44.jpg,640,640,Colgate Optic White,479,232,579,268
4-2-_jpeg_jpg.rf.797f3a98b2e43d2b91dc8764c6656c44.jpg,640,640,Colgate Total,507,483,613,506
4-2-_jpeg_jpg.rf.797f3a98b2e43d2b91dc8764c6656c44.jpg,640,640,Colgate Total,508,462,613,487
IMG_20230210_125035_jpg.rf.67d6ef2b0b956b8bdd7a27a45fc14bd8.jpg,640,640,Colgate Total,29,153,580,314
IMG_20230210_125035_jpg.rf.67d6ef2b0b956b8bdd7a27a45fc14bd8.jpg,640,640,Colgate Total,38,297,562,441
Image_36_jpg.rf.cd1707fa72e17175ebec56a017a1e3af.jpg,640,640,Colgate Max Fresh,31,290,635,483
Image_36_jpg.rf.cd1707fa72e17175ebec56a017a1e3af.jpg,640,640,Colgate Max Fresh,13,120,628,316
Image_23_jpg.rf.17fac7f38b37839847f32d4126f01bae.jpg,640,640,Colgate Max Fresh,249,33,391,602
frame-1358_jpg.rf.dd59fe0f07f3e67d1fbd2de609d33c47.jpg,640,640,Colgate Herbal,380,247,579,361
frame-1358_jpg.rf.dd59fe0f07f3e67d1fbd2de609d33c47.jpg,640,640,Colgate Herbal,368,320,571,464
frame-1358_jpg.rf.dd59fe0f07f3e67d1fbd2de609d33c47.jpg,640,640,Colgate Herbal,367,417,559,541
frame-1358_jpg.rf.dd59fe0f07f3e67d1fbd2de609d33c47.jpg,640,640,Colgate Herbal,348,500,551,640
frame-1358_jpg.rf.dd59fe0f07f3e67d1fbd2de609d33c47.jpg,640,640,Colgate Triple Action,241,219,383,317
frame-1358_jpg.rf.dd59fe0f07f3e67d1fbd2de609d33c47.jpg,640,640,Colgate Triple Action,223,291,370,398
frame-1358_jpg.rf.dd59fe0f07f3e67d1fbd2de609d33c47.jpg,640,640,Colgate Triple Action,204,373,351,500
frame-1358_jpg.rf.dd59fe0f07f3e67d1fbd2de609d33c47.jpg,640,640,Colgate Original,129,202,241,289
frame-1358_jpg.rf.dd59fe0f07f3e67d1fbd2de609d33c47.jpg,640,640,Colgate Original,109,270,220,357
frame-1358_jpg.rf.dd59fe0f07f3e67d1fbd2de609d33c47.jpg,640,640,Colgate Original,89,331,204,433
20230210_134800_jpg.rf.05de564c730bc91e128e3bcc5b67fe01.jpg,640,640,Colgate Total,3,160,198,248
20230210_134800_jpg.rf.05de564c730bc91e128e3bcc5b67fe01.jpg,640,640,Colgate Total,197,164,357,252
20230210_134800_jpg.rf.05de564c730bc91e128e3bcc5b67fe01.jpg,640,640,Colgate Total,33,241,212,329
20230210_134800_jpg.rf.05de564c730bc91e128e3bcc5b67fe01.jpg,640,640,Colgate Total,206,241,359,322
20230210_134800_jpg.rf.05de564c730bc91e128e3bcc5b67fe01.jpg,640,640,Colgate Total,209,312,354,378
20230210_134800_jpg.rf.05de564c730bc91e128e3bcc5b67fe01.jpg,640,640,Colgate Total,45,315,216,384
20230210_134800_jpg.rf.05de564c730bc91e128e3bcc5b67fe01.jpg,640,640,Colgate Total,361,167,508,236
20230210_134800_jpg.rf.05de564c730bc91e128e3bcc5b67fe01.jpg,640,640,Colgate Total,359,236,504,323
20230210_134800_jpg.rf.05de564c730bc91e128e3bcc5b67fe01.jpg,640,640,Colgate Total,361,313,498,376
20230210_134800_jpg.rf.05de564c730bc91e128e3bcc5b67fe01.jpg,640,640,Colgate Total,168,23,328,85
20230210_134800_jpg.rf.05de564c730bc91e128e3bcc5b67fe01.jpg,640,640,Colgate Natural extracts,1,5,168,79
IMG_20230222_123347_jpg.rf.b98dc96c2b0e5501489672aa2c3d2445.jpg,640,640,Colgate Optic White,165,233,315,265
IMG_20230222_123347_jpg.rf.b98dc96c2b0e5501489672aa2c3d2445.jpg,640,640,Colgate Optic White,161,199,315,235
IMG_20230222_123347_jpg.rf.b98dc96c2b0e5501489672aa2c3d2445.jpg,640,640,Colgate Optic White,469,206,628,242
IMG_20230222_123347_jpg.rf.b98dc96c2b0e5501489672aa2c3d2445.jpg,640,640,Colgate Optic White,463,269,611,300
IMG_20230222_123347_jpg.rf.b98dc96c2b0e5501489672aa2c3d2445.jpg,640,640,Colgate Optic White,465,241,621,273
IMG_20230222_123347_jpg.rf.b98dc96c2b0e5501489672aa2c3d2445.jpg,640,640,Colgate Optic White,201,349,315,377
frame-1000_jpg.rf.ad21591a97aa6d30546e8bec66abadba.jpg,640,640,Colgate Max Fresh,119,4,368,124
frame-1000_jpg.rf.ad21591a97aa6d30546e8bec66abadba.jpg,640,640,Colgate Max Fresh,105,122,372,233
frame-1000_jpg.rf.ad21591a97aa6d30546e8bec66abadba.jpg,640,640,Colgate Max Fresh,84,237,366,375
frame-1000_jpg.rf.ad21591a97aa6d30546e8bec66abadba.jpg,640,640,Colgate Max Fresh,375,3,636,121
frame-1000_jpg.rf.ad21591a97aa6d30546e8bec66abadba.jpg,640,640,Colgate Max Fresh,373,120,631,236
frame-1000_jpg.rf.ad21591a97aa6d30546e8bec66abadba.jpg,640,640,Colgate Max Fresh,370,229,610,346
IMG_20230222_124426_jpg.rf.716692801401336ffab49c817a5b9116.jpg,640,640,Colgate Total,13,50,629,361
IMG_20230222_124426_jpg.rf.716692801401336ffab49c817a5b9116.jpg,640,640,Colgate Total,18,341,605,630
Image_26_jpeg_jpg.rf.9d1438b7fb7034a841fab611437c6cc2.jpg,640,640,Colgate Max Fresh,1,33,639,185
Image_26_jpeg_jpg.rf.9d1438b7fb7034a841fab611437c6cc2.jpg,640,640,Colgate Max Fresh,5,189,634,336
Image_26_jpeg_jpg.rf.9d1438b7fb7034a841fab611437c6cc2.jpg,640,640,Colgate Max Fresh,4,336,638,485
Image_26_jpeg_jpg.rf.9d1438b7fb7034a841fab611437c6cc2.jpg,640,640,Colgate Max Fresh,4,485,636,636
frame-1214_jpg.rf.12fed8e7ac5fa666b1af1f0b0869a2cb.jpg,640,640,Colgate Herbal,131,27,345,121
frame-1214_jpg.rf.12fed8e7ac5fa666b1af1f0b0869a2cb.jpg,640,640,Colgate Herbal,121,116,342,218
frame-1214_jpg.rf.12fed8e7ac5fa666b1af1f0b0869a2cb.jpg,640,640,Colgate Herbal,106,216,349,331
frame-1214_jpg.rf.12fed8e7ac5fa666b1af1f0b0869a2cb.jpg,640,640,Colgate Herbal,81,336,337,450
frame-1214_jpg.rf.12fed8e7ac5fa666b1af1f0b0869a2cb.jpg,640,640,Colgate Herbal,98,448,346,552
IMG_20230223_130126_jpg.rf.644a583aa07bce237f870ffe18e5357f.jpg,640,640,Colgate Optic White,10,176,257,272
IMG_20230223_130126_jpg.rf.644a583aa07bce237f870ffe18e5357f.jpg,640,640,Colgate Optic White,18,270,251,354
IMG_20230223_130126_jpg.rf.644a583aa07bce237f870ffe18e5357f.jpg,640,640,Colgate Optic White,254,194,446,279
IMG_20230223_130126_jpg.rf.644a583aa07bce237f870ffe18e5357f.jpg,640,640,Colgate Optic White,252,273,445,363
IMG_20230223_130126_jpg.rf.644a583aa07bce237f870ffe18e5357f.jpg,640,640,Colgate Optic White,444,200,620,284
IMG_20230223_130126_jpg.rf.644a583aa07bce237f870ffe18e5357f.jpg,640,640,Colgate Optic White,440,282,615,358
IMG_20230223_130126_jpg.rf.644a583aa07bce237f870ffe18e5357f.jpg,640,640,Colgate Optic White,13,523,201,590
IMG_20230223_130126_jpg.rf.644a583aa07bce237f870ffe18e5357f.jpg,640,640,Colgate Optic White,201,517,368,592
IMG_20230223_130126_jpg.rf.644a583aa07bce237f870ffe18e5357f.jpg,640,640,Colgate Optic White,19,589,198,640
IMG_20230223_130126_jpg.rf.644a583aa07bce237f870ffe18e5357f.jpg,640,640,Colgate Optic White,198,582,363,638
IMG_20230223_130126_jpg.rf.644a583aa07bce237f870ffe18e5357f.jpg,640,640,Colgate Optic White,370,515,566,586
IMG_20230223_130126_jpg.rf.644a583aa07bce237f870ffe18e5357f.jpg,640,640,Colgate Optic White,366,578,560,640
Image_14_jpg.rf.38845aa68f750a74664f4bfe9345f5c9.jpg,640,640,Colgate Max Fresh,37,252,606,395
20230214_110643_jpg.rf.eecfdda7ee5aac309994ef0e43a68282.jpg,640,640,Colgate Optic White,0,172,200,209
20230214_110643_jpg.rf.eecfdda7ee5aac309994ef0e43a68282.jpg,640,640,Colgate Optic White,201,164,432,206
20230214_110643_jpg.rf.eecfdda7ee5aac309994ef0e43a68282.jpg,640,640,Colgate Optic White,431,180,639,218
20230214_110643_jpg.rf.eecfdda7ee5aac309994ef0e43a68282.jpg,640,640,Colgate Optic White,0,328,223,364
20230214_110643_jpg.rf.eecfdda7ee5aac309994ef0e43a68282.jpg,640,640,Colgate Optic White,225,328,448,366
20230214_110643_jpg.rf.eecfdda7ee5aac309994ef0e43a68282.jpg,640,640,Colgate Optic White,450,328,640,363
20230214_110643_jpg.rf.eecfdda7ee5aac309994ef0e43a68282.jpg,640,640,Colgate Optic White,45,471,230,508
20230214_110643_jpg.rf.eecfdda7ee5aac309994ef0e43a68282.jpg,640,640,Colgate Optic White,231,476,412,508
20230214_110643_jpg.rf.eecfdda7ee5aac309994ef0e43a68282.jpg,640,640,Colgate Optic White,419,477,601,512
20230214_110643_jpg.rf.eecfdda7ee5aac309994ef0e43a68282.jpg,640,640,Colgate Total,146,585,327,616
20230214_110643_jpg.rf.eecfdda7ee5aac309994ef0e43a68282.jpg,640,640,Colgate Total,146,566,325,592
20230214_110643_jpg.rf.eecfdda7ee5aac309994ef0e43a68282.jpg,640,640,Colgate Total,327,605,504,631
20230214_110643_jpg.rf.eecfdda7ee5aac309994ef0e43a68282.jpg,640,640,Colgate Total,328,578,502,609
IMG_20230222_130846_jpg.rf.f9c18e0a32191ce2046fe441de8fbb87.jpg,640,640,Colgate Total,30,213,599,342
IMG_20230222_130846_jpg.rf.f9c18e0a32191ce2046fe441de8fbb87.jpg,640,640,Colgate Total,52,345,589,465
frame-1024_jpg.rf.19d66a1af9267999b2944779456e46d0.jpg,640,640,Colgate Max Fresh,82,2,336,113
frame-1024_jpg.rf.19d66a1af9267999b2944779456e46d0.jpg,640,640,Colgate Max Fresh,66,104,338,223
frame-1024_jpg.rf.19d66a1af9267999b2944779456e46d0.jpg,640,640,Colgate Max Fresh,44,228,337,357
frame-1024_jpg.rf.19d66a1af9267999b2944779456e46d0.jpg,640,640,Colgate Max Fresh,337,0,601,111
frame-1024_jpg.rf.19d66a1af9267999b2944779456e46d0.jpg,640,640,Colgate Max Fresh,336,114,599,224
frame-1024_jpg.rf.19d66a1af9267999b2944779456e46d0.jpg,640,640,Colgate Max Fresh,337,233,580,341
IMG-0201_jpg.rf.178694024b432aa214fde592e24c52bb.jpg,640,640,Colgate Optic White,221,579,438,638
frame-208_jpg.rf.10ec87e51224f729c2dfbd8685b7eae9.jpg,640,640,Colgate Original,11,215,225,305
frame-208_jpg.rf.10ec87e51224f729c2dfbd8685b7eae9.jpg,640,640,Colgate Original,0,316,220,414
frame-208_jpg.rf.10ec87e51224f729c2dfbd8685b7eae9.jpg,640,640,Colgate Original,229,214,435,313
frame-208_jpg.rf.10ec87e51224f729c2dfbd8685b7eae9.jpg,640,640,Colgate Original,222,319,438,422
frame-208_jpg.rf.10ec87e51224f729c2dfbd8685b7eae9.jpg,640,640,Colgate Original,221,435,451,532
frame-208_jpg.rf.10ec87e51224f729c2dfbd8685b7eae9.jpg,640,640,Colgate Original,0,438,220,536
frame-208_jpg.rf.10ec87e51224f729c2dfbd8685b7eae9.jpg,640,640,Colgate Triple Action,435,219,638,316
frame-208_jpg.rf.10ec87e51224f729c2dfbd8685b7eae9.jpg,640,640,Colgate Triple Action,437,321,640,418
frame-208_jpg.rf.10ec87e51224f729c2dfbd8685b7eae9.jpg,640,640,Colgate Triple Action,448,423,640,527
frame-1003_jpg.rf.1d0c07700c431d753870720617ff79ce.jpg,640,640,Colgate Max Fresh,101,121,368,233
frame-1003_jpg.rf.1d0c07700c431d753870720617ff79ce.jpg,640,640,Colgate Max Fresh,116,6,367,115
frame-1003_jpg.rf.1d0c07700c431d753870720617ff79ce.jpg,640,640,Colgate Max Fresh,74,238,371,373
frame-1003_jpg.rf.1d0c07700c431d753870720617ff79ce.jpg,640,640,Colgate Max Fresh,365,0,636,125
frame-1003_jpg.rf.1d0c07700c431d753870720617ff79ce.jpg,640,640,Colgate Max Fresh,369,119,632,231
frame-1003_jpg.rf.1d0c07700c431d753870720617ff79ce.jpg,640,640,Colgate Max Fresh,366,231,607,356
frame-805_jpg.rf.4398f47ade638157984ecabffd088a2a.jpg,640,640,Colgate Natural extracts,59,99,255,186
frame-805_jpg.rf.4398f47ade638157984ecabffd088a2a.jpg,640,640,Colgate Natural extracts,39,193,248,287
frame-805_jpg.rf.4398f47ade638157984ecabffd088a2a.jpg,640,640,Colgate Natural extracts,24,293,245,400
frame-805_jpg.rf.4398f47ade638157984ecabffd088a2a.jpg,640,640,Colgate Natural extracts,6,403,245,528
frame-805_jpg.rf.4398f47ade638157984ecabffd088a2a.jpg,640,640,Colgate Natural extracts,251,99,437,196
frame-805_jpg.rf.4398f47ade638157984ecabffd088a2a.jpg,640,640,Colgate Natural extracts,249,193,452,292
frame-805_jpg.rf.4398f47ade638157984ecabffd088a2a.jpg,640,640,Colgate Natural extracts,249,295,462,407
frame-805_jpg.rf.4398f47ade638157984ecabffd088a2a.jpg,640,640,Colgate Natural extracts,247,406,477,526
frame-805_jpg.rf.4398f47ade638157984ecabffd088a2a.jpg,640,640,Colgate Natural extracts,440,109,623,196
frame-805_jpg.rf.4398f47ade638157984ecabffd088a2a.jpg,640,640,Colgate Natural extracts,454,198,640,292
frame-805_jpg.rf.4398f47ade638157984ecabffd088a2a.jpg,640,640,Colgate Natural extracts,463,293,640,404
frame-805_jpg.rf.4398f47ade638157984ecabffd088a2a.jpg,640,640,Colgate Natural extracts,477,394,640,517
Image_2_jpg.rf.a3873b89dbd63f6d6348e150a674ebe8.jpg,640,640,Colgate Max Fresh,34,303,629,482
Image_2_jpg.rf.a3873b89dbd63f6d6348e150a674ebe8.jpg,640,640,Colgate Max Fresh,14,122,604,312
frame-100_jpg.rf.1d716fedf90aae7463278f4f9cd1b710.jpg,640,640,Colgate Triple Action,10,70,199,156
frame-100_jpg.rf.1d716fedf90aae7463278f4f9cd1b710.jpg,640,640,Colgate Triple Action,0,154,195,247
frame-100_jpg.rf.1d716fedf90aae7463278f4f9cd1b710.jpg,640,640,Colgate Triple Action,196,75,383,172
frame-100_jpg.rf.1d716fedf90aae7463278f4f9cd1b710.jpg,640,640,Colgate Triple Action,194,153,394,254
frame-100_jpg.rf.1d716fedf90aae7463278f4f9cd1b710.jpg,640,640,Colgate Triple Action,190,255,391,347
frame-100_jpg.rf.1d716fedf90aae7463278f4f9cd1b710.jpg,640,640,Colgate Triple Action,183,358,391,457
frame-100_jpg.rf.1d716fedf90aae7463278f4f9cd1b710.jpg,640,640,Colgate Triple Action,1,249,189,343
frame-100_jpg.rf.1d716fedf90aae7463278f4f9cd1b710.jpg,640,640,Colgate Triple Action,1,351,184,449
frame-100_jpg.rf.1d716fedf90aae7463278f4f9cd1b710.jpg,640,640,Colgate Herbal,391,132,605,237
frame-100_jpg.rf.1d716fedf90aae7463278f4f9cd1b710.jpg,640,640,Colgate Herbal,392,238,622,338
frame-100_jpg.rf.1d716fedf90aae7463278f4f9cd1b710.jpg,640,640,Colgate Herbal,387,340,633,459
frame-17_jpg.rf.588ecb64ddb811dd52888427f6fae858.jpg,640,640,Colgate Max Fresh,430,81,598,150
frame-17_jpg.rf.588ecb64ddb811dd52888427f6fae858.jpg,640,640,Colgate Max Fresh,434,154,610,236
frame-17_jpg.rf.588ecb64ddb811dd52888427f6fae858.jpg,640,640,Colgate Max Fresh,432,231,617,324
frame-17_jpg.rf.588ecb64ddb811dd52888427f6fae858.jpg,640,640,Colgate Max Fresh,438,330,635,418
frame-17_jpg.rf.588ecb64ddb811dd52888427f6fae858.jpg,640,640,Colgate Herbal,224,107,428,203
frame-17_jpg.rf.588ecb64ddb811dd52888427f6fae858.jpg,640,640,Colgate Herbal,218,204,434,302
frame-17_jpg.rf.588ecb64ddb811dd52888427f6fae858.jpg,640,640,Colgate Herbal,205,302,434,418
20230203_110713_jpg.rf.8043d36200651673b23af547c57f11d8.jpg,640,640,Colgate Optic White,5,281,546,357
20230203_110713_jpg.rf.8043d36200651673b23af547c57f11d8.jpg,640,640,Colgate Optic White,3,195,555,280
20230203_110713_jpg.rf.8043d36200651673b23af547c57f11d8.jpg,640,640,Colgate Optic White,190,508,640,558
frame-172_jpg.rf.7a0b54d3c271b71e4fb2802271494ede.jpg,640,640,Colgate Original,79,204,296,296
frame-172_jpg.rf.7a0b54d3c271b71e4fb2802271494ede.jpg,640,640,Colgate Original,68,313,291,409
frame-172_jpg.rf.7a0b54d3c271b71e4fb2802271494ede.jpg,640,640,Colgate Original,54,420,292,524
frame-172_jpg.rf.7a0b54d3c271b71e4fb2802271494ede.jpg,640,640,Colgate Triple Action,295,200,504,303
frame-172_jpg.rf.7a0b54d3c271b71e4fb2802271494ede.jpg,640,640,Colgate Triple Action,292,314,509,408
frame-172_jpg.rf.7a0b54d3c271b71e4fb2802271494ede.jpg,640,640,Colgate Triple Action,296,417,522,518
frame-172_jpg.rf.7a0b54d3c271b71e4fb2802271494ede.jpg,640,640,Colgate Triple Action,294,116,490,202
frame-169_jpg.rf.84307baaedbe56cb73725f1c69919f6c.jpg,640,640,Colgate Original,68,203,282,295
frame-169_jpg.rf.84307baaedbe56cb73725f1c69919f6c.jpg,640,640,Colgate Original,54,304,279,398
frame-169_jpg.rf.84307baaedbe56cb73725f1c69919f6c.jpg,640,640,Colgate Original,41,426,277,525
frame-169_jpg.rf.84307baaedbe56cb73725f1c69919f6c.jpg,640,640,Colgate Triple Action,285,115,478,210
frame-169_jpg.rf.84307baaedbe56cb73725f1c69919f6c.jpg,640,640,Colgate Triple Action,283,201,490,298
frame-169_jpg.rf.84307baaedbe56cb73725f1c69919f6c.jpg,640,640,Colgate Triple Action,281,310,493,400
frame-169_jpg.rf.84307baaedbe56cb73725f1c69919f6c.jpg,640,640,Colgate Triple Action,282,424,509,529
IMG-20230223-WA0025_jpg.rf.8b17e9f1b15fe4ba18d7ad38ee032b9f.jpg,640,640,Colgate Optic White,53,330,151,363
IMG-20230223-WA0025_jpg.rf.8b17e9f1b15fe4ba18d7ad38ee032b9f.jpg,640,640,Colgate Optic White,148,322,236,360
IMG-20230223-WA0025_jpg.rf.8b17e9f1b15fe4ba18d7ad38ee032b9f.jpg,640,640,Colgate Optic White,66,452,147,490
IMG-20230223-WA0025_jpg.rf.8b17e9f1b15fe4ba18d7ad38ee032b9f.jpg,640,640,Colgate Optic White,143,452,224,486
IMG-20230223-WA0025_jpg.rf.8b17e9f1b15fe4ba18d7ad38ee032b9f.jpg,640,640,Colgate Optic White,223,447,307,485
IMG-20230223-WA0025_jpg.rf.8b17e9f1b15fe4ba18d7ad38ee032b9f.jpg,640,640,Colgate Optic White,303,448,386,482
IMG-20230223-WA0025_jpg.rf.8b17e9f1b15fe4ba18d7ad38ee032b9f.jpg,640,640,Colgate Optic White,234,318,322,360
IMG-20230223-WA0025_jpg.rf.8b17e9f1b15fe4ba18d7ad38ee032b9f.jpg,640,640,Colgate Optic White,318,320,410,357
IMG-20230223-WA0025_jpg.rf.8b17e9f1b15fe4ba18d7ad38ee032b9f.jpg,640,640,Colgate Optic White,386,449,470,487
IMG-20230223-WA0025_jpg.rf.8b17e9f1b15fe4ba18d7ad38ee032b9f.jpg,640,640,Colgate Natural extracts,279,567,361,594
IMG-20230223-WA0025_jpg.rf.8b17e9f1b15fe4ba18d7ad38ee032b9f.jpg,640,640,Colgate Natural extracts,284,593,365,616
IMG-20230223-WA0025_jpg.rf.8b17e9f1b15fe4ba18d7ad38ee032b9f.jpg,640,640,Colgate Natural extracts,364,593,453,623
IMG-20230223-WA0025_jpg.rf.8b17e9f1b15fe4ba18d7ad38ee032b9f.jpg,640,640,Colgate Natural extracts,363,572,455,599
IMG-20230223-WA0025_jpg.rf.8b17e9f1b15fe4ba18d7ad38ee032b9f.jpg,640,640,Colgate Natural extracts,450,569,539,600
IMG-20230223-WA0025_jpg.rf.8b17e9f1b15fe4ba18d7ad38ee032b9f.jpg,640,640,Colgate Natural extracts,451,598,540,623
IMG-20230223-WA0025_jpg.rf.8b17e9f1b15fe4ba18d7ad38ee032b9f.jpg,640,640,Colgate Optic White,471,447,578,487
Image_15_jpg.rf.9454261f95b9e89966fbbab8e3b0bda3.jpg,640,640,Colgate Max Fresh,80,222,595,441
IMG-0191_jpg.rf.3f2613f6016fb2ccbb348ba336959a09.jpg,640,640,Colgate Optic White,131,265,433,340
IMG-0191_jpg.rf.3f2613f6016fb2ccbb348ba336959a09.jpg,640,640,Colgate Optic White,112,203,440,287
IMG-0191_jpg.rf.3f2613f6016fb2ccbb348ba336959a09.jpg,640,640,Colgate Optic White,114,0,491,75
IMG-0191_jpg.rf.3f2613f6016fb2ccbb348ba336959a09.jpg,640,640,Colgate Natural extracts,63,499,297,532
IMG-0191_jpg.rf.3f2613f6016fb2ccbb348ba336959a09.jpg,640,640,Colgate Natural extracts,299,497,524,531
IMG-0191_jpg.rf.3f2613f6016fb2ccbb348ba336959a09.jpg,640,640,Colgate Natural extracts,429,270,640,332
IMG-0191_jpg.rf.3f2613f6016fb2ccbb348ba336959a09.jpg,640,640,Colgate Natural extracts,438,200,640,274
Image_5_jpg.rf.2381d57d23e3dd062e573f13a2a0736a.jpg,640,640,Colgate Max Fresh,47,301,628,490
Image_5_jpg.rf.2381d57d23e3dd062e573f13a2a0736a.jpg,640,640,Colgate Max Fresh,21,114,615,318
Image_24_jpeg_jpg.rf.b0c75b8ed55b46cadd4b703fd33c4a63.jpg,640,640,Colgate Max Fresh,3,108,639,629
frame-1363_jpg.rf.7feaa26fa0cf08dacbb62a6188174dd3.jpg,640,640,Colgate Herbal,392,246,586,364
frame-1363_jpg.rf.7feaa26fa0cf08dacbb62a6188174dd3.jpg,640,640,Colgate Herbal,378,334,579,467
frame-1363_jpg.rf.7feaa26fa0cf08dacbb62a6188174dd3.jpg,640,640,Colgate Herbal,374,410,565,549
frame-1363_jpg.rf.7feaa26fa0cf08dacbb62a6188174dd3.jpg,640,640,Colgate Herbal,359,489,558,640
frame-1363_jpg.rf.7feaa26fa0cf08dacbb62a6188174dd3.jpg,640,640,Colgate Triple Action,251,226,389,317
frame-1363_jpg.rf.7feaa26fa0cf08dacbb62a6188174dd3.jpg,640,640,Colgate Triple Action,234,294,379,398
frame-1363_jpg.rf.7feaa26fa0cf08dacbb62a6188174dd3.jpg,640,640,Colgate Triple Action,214,441,361,574
frame-1363_jpg.rf.7feaa26fa0cf08dacbb62a6188174dd3.jpg,640,640,Colgate Triple Action,215,368,365,504
IMG-0196_jpg.rf.f59acd5c26eef5a9b42122dde610bfc5.jpg,640,640,Colgate Optic White,97,581,368,638
IMG-0196_jpg.rf.f59acd5c26eef5a9b42122dde610bfc5.jpg,640,640,Colgate Optic White,94,531,364,586
frame-1094_jpg.rf.9360bb2e0ea2cbe968e1a9d46ffb5b23.jpg,640,640,Colgate Max Fresh,79,148,311,242
frame-1094_jpg.rf.9360bb2e0ea2cbe968e1a9d46ffb5b23.jpg,640,640,Colgate Max Fresh,71,246,310,367
frame-1094_jpg.rf.9360bb2e0ea2cbe968e1a9d46ffb5b23.jpg,640,640,Colgate Max Fresh,63,374,306,473
frame-1094_jpg.rf.9360bb2e0ea2cbe968e1a9d46ffb5b23.jpg,640,640,Colgate Max Fresh,33,495,313,624
frame-1094_jpg.rf.9360bb2e0ea2cbe968e1a9d46ffb5b23.jpg,640,640,Colgate Max Fresh,313,147,524,244
frame-1094_jpg.rf.9360bb2e0ea2cbe968e1a9d46ffb5b23.jpg,640,640,Colgate Max Fresh,313,240,536,362
frame-1094_jpg.rf.9360bb2e0ea2cbe968e1a9d46ffb5b23.jpg,640,640,Colgate Max Fresh,313,362,551,485
frame-1094_jpg.rf.9360bb2e0ea2cbe968e1a9d46ffb5b23.jpg,640,640,Colgate Max Fresh,315,498,579,632
20230210_131628_jpg.rf.b3029309a4793de4dc032ff066038fa5.jpg,640,640,Colgate Optic White,58,122,524,192
20230210_131628_jpg.rf.b3029309a4793de4dc032ff066038fa5.jpg,640,640,Colgate Optic White,58,188,520,272
20230210_131628_jpg.rf.b3029309a4793de4dc032ff066038fa5.jpg,640,640,Colgate Optic White,56,263,533,345
20230210_131628_jpg.rf.b3029309a4793de4dc032ff066038fa5.jpg,640,640,Colgate Optic White,59,336,532,413
20230203_131631_jpg.rf.ac9227210a8341ecc3910f33f0194e8a.jpg,640,640,Colgate Optic White,8,182,640,271
20230203_131631_jpg.rf.ac9227210a8341ecc3910f33f0194e8a.jpg,640,640,Colgate Optic White,27,257,640,345
frame-744_jpg.rf.5c8c7f65ea25725d6b74ce71d0e582d8.jpg,640,640,Colgate Natural extracts,13,51,230,139
frame-744_jpg.rf.5c8c7f65ea25725d6b74ce71d0e582d8.jpg,640,640,Colgate Natural extracts,2,139,233,253
frame-744_jpg.rf.5c8c7f65ea25725d6b74ce71d0e582d8.jpg,640,640,Colgate Natural extracts,233,58,430,150
frame-744_jpg.rf.5c8c7f65ea25725d6b74ce71d0e582d8.jpg,640,640,Colgate Natural extracts,233,148,446,254
frame-744_jpg.rf.5c8c7f65ea25725d6b74ce71d0e582d8.jpg,640,640,Colgate Natural extracts,436,60,622,155
frame-744_jpg.rf.5c8c7f65ea25725d6b74ce71d0e582d8.jpg,640,640,Colgate Natural extracts,446,156,640,259
frame-744_jpg.rf.5c8c7f65ea25725d6b74ce71d0e582d8.jpg,640,640,Colgate Max Fresh,277,515,466,611
frame-744_jpg.rf.5c8c7f65ea25725d6b74ce71d0e582d8.jpg,640,640,Colgate Max Fresh,479,537,640,619
IMG-2964_jpg.rf.2aa6f84ff335edc7c0473c58b7f44f87.jpg,640,640,Colgate Total,1,251,640,375
IMG-2964_jpg.rf.2aa6f84ff335edc7c0473c58b7f44f87.jpg,640,640,Colgate Total,35,374,608,470
Image_29_jpg.rf.35db59ebe71b072595acff2ce487ed14.jpg,640,640,Colgate Max Fresh,40,253,612,291
Image_8_jpg.rf.dee74831710459ee202cb561fda3e286.jpg,640,640,Colgate Max Fresh,12,265,622,403
frame-1010_jpg.rf.bfd57c679ad8ecd350a6136abf91ae4c.jpg,640,640,Colgate Max Fresh,94,2,349,116
frame-1010_jpg.rf.bfd57c679ad8ecd350a6136abf91ae4c.jpg,640,640,Colgate Max Fresh,79,111,351,235
frame-1010_jpg.rf.bfd57c679ad8ecd350a6136abf91ae4c.jpg,640,640,Colgate Max Fresh,57,236,349,369
frame-1010_jpg.rf.bfd57c679ad8ecd350a6136abf91ae4c.jpg,640,640,Colgate Max Fresh,351,0,617,117
frame-1010_jpg.rf.bfd57c679ad8ecd350a6136abf91ae4c.jpg,640,640,Colgate Max Fresh,350,112,616,235
frame-1010_jpg.rf.bfd57c679ad8ecd350a6136abf91ae4c.jpg,640,640,Colgate Max Fresh,346,236,588,346
20230222_122829_jpg.rf.e0b9349e74469ece8f924c8f5bb20fdf.jpg,640,640,Colgate Total,3,240,306,340
20230222_122829_jpg.rf.e0b9349e74469ece8f924c8f5bb20fdf.jpg,640,640,Colgate Total,305,241,611,336
20230222_122829_jpg.rf.e0b9349e74469ece8f924c8f5bb20fdf.jpg,640,640,Colgate Total,2,333,301,415
20230222_122829_jpg.rf.e0b9349e74469ece8f924c8f5bb20fdf.jpg,640,640,Colgate Total,304,325,591,407
20230222_122829_jpg.rf.e0b9349e74469ece8f924c8f5bb20fdf.jpg,640,640,Colgate Optic White,220,38,549,137
IMG_20230223_131034_1_jpg.rf.b80666528d3f38826e1f20037c540842.jpg,640,640,Colgate Optic White,12,241,160,314
IMG_20230223_131034_1_jpg.rf.b80666528d3f38826e1f20037c540842.jpg,640,640,Colgate Optic White,146,233,298,307
IMG_20230223_131034_1_jpg.rf.b80666528d3f38826e1f20037c540842.jpg,640,640,Colgate Optic White,17,360,153,429
IMG_20230223_131034_1_jpg.rf.b80666528d3f38826e1f20037c540842.jpg,640,640,Colgate Optic White,16,307,158,369
IMG_20230223_131034_1_jpg.rf.b80666528d3f38826e1f20037c540842.jpg,640,640,Colgate Optic White,161,356,292,420
IMG_20230223_131034_1_jpg.rf.b80666528d3f38826e1f20037c540842.jpg,640,640,Colgate Optic White,154,297,293,363
IMG_20230223_131034_1_jpg.rf.b80666528d3f38826e1f20037c540842.jpg,640,640,Colgate Optic White,299,275,459,347
IMG_20230223_131034_1_jpg.rf.b80666528d3f38826e1f20037c540842.jpg,640,640,Colgate Optic White,300,222,457,288
IMG_20230223_131034_1_jpg.rf.b80666528d3f38826e1f20037c540842.jpg,640,640,Colgate Optic White,303,350,460,408
IMG_20230223_131034_1_jpg.rf.b80666528d3f38826e1f20037c540842.jpg,640,640,Colgate Optic White,462,214,634,281
IMG_20230223_131034_1_jpg.rf.b80666528d3f38826e1f20037c540842.jpg,640,640,Colgate Optic White,461,276,631,345
IMG_20230223_131034_1_jpg.rf.b80666528d3f38826e1f20037c540842.jpg,640,640,Colgate Optic White,462,342,636,404
IMG_20230223_131034_1_jpg.rf.b80666528d3f38826e1f20037c540842.jpg,640,640,Colgate Optic White,125,64,271,134
IMG_20230223_131034_1_jpg.rf.b80666528d3f38826e1f20037c540842.jpg,640,640,Colgate Optic White,0,71,128,140
IMG_20230223_131034_1_jpg.rf.b80666528d3f38826e1f20037c540842.jpg,640,640,Colgate Optic White,0,6,121,78
IMG_20230223_131034_1_jpg.rf.b80666528d3f38826e1f20037c540842.jpg,640,640,Colgate Optic White,121,2,270,67
IMG_20230223_131034_1_jpg.rf.b80666528d3f38826e1f20037c540842.jpg,640,640,Colgate Optic White,269,0,418,61
IMG_20230223_131034_1_jpg.rf.b80666528d3f38826e1f20037c540842.jpg,640,640,Colgate Optic White,272,51,415,125
IMG_20230223_131034_1_jpg.rf.b80666528d3f38826e1f20037c540842.jpg,640,640,Colgate Optic White,419,39,571,114
IMG_20230223_131034_1_jpg.rf.b80666528d3f38826e1f20037c540842.jpg,640,640,Colgate Total,163,489,317,547
IMG_20230223_131034_1_jpg.rf.b80666528d3f38826e1f20037c540842.jpg,640,640,Colgate Total,158,545,316,592
IMG_20230223_131034_1_jpg.rf.b80666528d3f38826e1f20037c540842.jpg,640,640,Colgate Total,163,590,317,640
IMG_20230223_131034_1_jpg.rf.b80666528d3f38826e1f20037c540842.jpg,640,640,Colgate Total,319,515,482,569
IMG_20230223_131034_1_jpg.rf.b80666528d3f38826e1f20037c540842.jpg,640,640,Colgate Total,320,567,486,622
frame-1019_jpg.rf.388cb48892edd7db5cc5c541c3c75039.jpg,640,640,Colgate Max Fresh,83,0,338,111
frame-1019_jpg.rf.388cb48892edd7db5cc5c541c3c75039.jpg,640,640,Colgate Max Fresh,64,102,338,226
frame-1019_jpg.rf.388cb48892edd7db5cc5c541c3c75039.jpg,640,640,Colgate Max Fresh,45,232,334,358
frame-1019_jpg.rf.388cb48892edd7db5cc5c541c3c75039.jpg,640,640,Colgate Max Fresh,333,0,607,117
frame-1019_jpg.rf.388cb48892edd7db5cc5c541c3c75039.jpg,640,640,Colgate Max Fresh,336,107,600,229
frame-1019_jpg.rf.388cb48892edd7db5cc5c541c3c75039.jpg,640,640,Colgate Max Fresh,336,231,575,340
20230203_131610_jpg.rf.53165c0b714b62fbe851d19571ceefdb.jpg,640,640,Colgate Optic White,0,187,570,285
20230203_131610_jpg.rf.53165c0b714b62fbe851d19571ceefdb.jpg,640,640,Colgate Optic White,33,267,556,340
20230215_111938_jpg.rf.a0077213e039c333412074c010f9ffc7.jpg,640,640,Colgate Total,70,446,467,502
20230215_111938_jpg.rf.a0077213e039c333412074c010f9ffc7.jpg,640,640,Colgate Total,66,393,469,450
20230215_111938_jpg.rf.a0077213e039c333412074c010f9ffc7.jpg,640,640,Colgate Total,69,351,476,400
20230215_111938_jpg.rf.a0077213e039c333412074c010f9ffc7.jpg,640,640,Colgate Total,66,297,474,350
20230215_111938_jpg.rf.a0077213e039c333412074c010f9ffc7.jpg,640,640,Colgate Total,68,241,481,300
20230215_111938_jpg.rf.a0077213e039c333412074c010f9ffc7.jpg,640,640,Colgate Natural extracts,215,106,628,166
20230215_111938_jpg.rf.a0077213e039c333412074c010f9ffc7.jpg,640,640,Colgate Natural extracts,213,41,634,108
20230215_111938_jpg.rf.a0077213e039c333412074c010f9ffc7.jpg,640,640,Colgate Natural extracts,0,107,217,172
20230215_111938_jpg.rf.a0077213e039c333412074c010f9ffc7.jpg,640,640,Colgate Natural extracts,0,47,224,109
frame-1078_jpg.rf.1b678ac499565cf8de822fd50c0b6e3c.jpg,640,640,Colgate Max Fresh,71,346,306,450
frame-1078_jpg.rf.1b678ac499565cf8de822fd50c0b6e3c.jpg,640,640,Colgate Max Fresh,311,345,525,448
frame-1078_jpg.rf.1b678ac499565cf8de822fd50c0b6e3c.jpg,640,640,Colgate Max Fresh,63,460,304,570
frame-1078_jpg.rf.1b678ac499565cf8de822fd50c0b6e3c.jpg,640,640,Colgate Max Fresh,305,462,537,564
frame-1078_jpg.rf.1b678ac499565cf8de822fd50c0b6e3c.jpg,640,640,Colgate Max Fresh,42,568,302,640
frame-1078_jpg.rf.1b678ac499565cf8de822fd50c0b6e3c.jpg,640,640,Colgate Max Fresh,310,559,564,640
frame-1078_jpg.rf.1b678ac499565cf8de822fd50c0b6e3c.jpg,640,640,Colgate Max Fresh,542,353,591,620
Image_40_jpg.rf.bcbee5b4b2a6dd8f4a0ca99c22100bb7.jpg,640,640,Colgate Max Fresh,82,272,560,387
20230222_161041-min_jpg.rf.cd2f0230aa6e3a8f8c0ccc23b100f01f.jpg,640,640,Colgate Total,10,9,623,189
20230222_161041-min_jpg.rf.cd2f0230aa6e3a8f8c0ccc23b100f01f.jpg,640,640,Colgate Total,26,180,605,343
20230222_161041-min_jpg.rf.cd2f0230aa6e3a8f8c0ccc23b100f01f.jpg,640,640,Colgate Total,59,335,577,473
71ZPQ1BT8oL-_UX250__jpg.rf.a29b5edfb56e360f7ac4817cd7e6b2ea.jpg,640,640,Colgate Herbal,43,204,615,305
71ZPQ1BT8oL-_UX250__jpg.rf.a29b5edfb56e360f7ac4817cd7e6b2ea.jpg,640,640,Colgate Herbal,37,313,608,418
71ZPQ1BT8oL-_UX250__jpg.rf.a29b5edfb56e360f7ac4817cd7e6b2ea.jpg,640,640,Colgate Herbal,36,419,613,522
frame-1015_jpg.rf.d0509248f53c8c3cb3cb5a8184236512.jpg,640,640,Colgate Max Fresh,81,0,338,118
frame-1015_jpg.rf.d0509248f53c8c3cb3cb5a8184236512.jpg,640,640,Colgate Max Fresh,70,119,337,232
frame-1015_jpg.rf.d0509248f53c8c3cb3cb5a8184236512.jpg,640,640,Colgate Max Fresh,44,236,337,364
frame-1015_jpg.rf.d0509248f53c8c3cb3cb5a8184236512.jpg,640,640,Colgate Max Fresh,338,8,605,122
frame-1015_jpg.rf.d0509248f53c8c3cb3cb5a8184236512.jpg,640,640,Colgate Max Fresh,340,121,603,233
frame-1015_jpg.rf.d0509248f53c8c3cb3cb5a8184236512.jpg,640,640,Colgate Max Fresh,338,233,580,346
20230210_134750_jpg.rf.01a892009e843dfd1cb1fc9c27841a2a.jpg,640,640,Colgate Total,165,541,397,573
20230210_134750_jpg.rf.01a892009e843dfd1cb1fc9c27841a2a.jpg,640,640,Colgate Total,159,505,402,555
20230210_134750_jpg.rf.01a892009e843dfd1cb1fc9c27841a2a.jpg,640,640,Colgate Total,148,478,397,515
20230210_134750_jpg.rf.01a892009e843dfd1cb1fc9c27841a2a.jpg,640,640,Colgate Total,396,530,613,562
20230210_134750_jpg.rf.01a892009e843dfd1cb1fc9c27841a2a.jpg,640,640,Colgate Total,404,503,622,540
20230210_134750_jpg.rf.01a892009e843dfd1cb1fc9c27841a2a.jpg,640,640,Colgate Total,404,472,631,518
20230210_134750_jpg.rf.01a892009e843dfd1cb1fc9c27841a2a.jpg,640,640,Colgate Optic White,150,251,416,296
20230210_134750_jpg.rf.01a892009e843dfd1cb1fc9c27841a2a.jpg,640,640,Colgate Optic White,149,295,416,328
20230210_134750_jpg.rf.01a892009e843dfd1cb1fc9c27841a2a.jpg,640,640,Colgate Optic White,416,296,640,329
20230210_134750_jpg.rf.01a892009e843dfd1cb1fc9c27841a2a.jpg,640,640,Colgate Optic White,414,258,640,300
20230210_134750_jpg.rf.01a892009e843dfd1cb1fc9c27841a2a.jpg,640,640,Colgate Natural extracts,371,367,604,415
20230210_134750_jpg.rf.01a892009e843dfd1cb1fc9c27841a2a.jpg,640,640,Colgate Natural extracts,373,407,605,444
20230203_131605_jpg.rf.3c966d827b9cc9c4629da2913456eb90.jpg,640,640,Colgate Optic White,11,170,549,251
20230203_131605_jpg.rf.3c966d827b9cc9c4629da2913456eb90.jpg,640,640,Colgate Optic White,32,248,522,310
20230203_131605_jpg.rf.3c966d827b9cc9c4629da2913456eb90.jpg,640,640,Colgate Optic White,38,308,501,376
20230203_131605_jpg.rf.3c966d827b9cc9c4629da2913456eb90.jpg,640,640,Colgate Optic White,74,481,454,531
frame-741_jpg.rf.ef82cf3bfb9b5001d4278c399c6adcc3.jpg,640,640,Colgate Natural extracts,14,43,230,141
frame-741_jpg.rf.ef82cf3bfb9b5001d4278c399c6adcc3.jpg,640,640,Colgate Natural extracts,0,138,228,254
frame-741_jpg.rf.ef82cf3bfb9b5001d4278c399c6adcc3.jpg,640,640,Colgate Natural extracts,232,46,430,150
frame-741_jpg.rf.ef82cf3bfb9b5001d4278c399c6adcc3.jpg,640,640,Colgate Natural extracts,231,149,445,249
frame-741_jpg.rf.ef82cf3bfb9b5001d4278c399c6adcc3.jpg,640,640,Colgate Natural extracts,432,51,622,148
frame-741_jpg.rf.ef82cf3bfb9b5001d4278c399c6adcc3.jpg,640,640,Colgate Natural extracts,442,142,640,252
frame-741_jpg.rf.ef82cf3bfb9b5001d4278c399c6adcc3.jpg,640,640,Colgate Max Fresh,276,509,467,609
frame-741_jpg.rf.ef82cf3bfb9b5001d4278c399c6adcc3.jpg,640,640,Colgate Max Fresh,478,534,638,614
frame-1213_jpg.rf.69420380178fc174268f600911f5265e.jpg,640,640,Colgate Max Fresh,350,75,566,173
frame-1213_jpg.rf.69420380178fc174268f600911f5265e.jpg,640,640,Colgate Max Fresh,350,0,553,85
frame-1213_jpg.rf.69420380178fc174268f600911f5265e.jpg,640,640,Colgate Max Fresh,348,160,596,287
frame-1213_jpg.rf.69420380178fc174268f600911f5265e.jpg,640,640,Colgate Max Fresh,352,265,622,389
frame-1213_jpg.rf.69420380178fc174268f600911f5265e.jpg,640,640,Colgate Max Fresh,349,372,616,492
frame-1213_jpg.rf.69420380178fc174268f600911f5265e.jpg,640,640,Colgate Max Fresh,351,472,613,577
frame-1213_jpg.rf.69420380178fc174268f600911f5265e.jpg,640,640,Colgate Herbal,132,35,350,131
frame-1213_jpg.rf.69420380178fc174268f600911f5265e.jpg,640,640,Colgate Herbal,123,121,345,224
frame-1213_jpg.rf.69420380178fc174268f600911f5265e.jpg,640,640,Colgate Herbal,108,226,347,330
frame-1213_jpg.rf.69420380178fc174268f600911f5265e.jpg,640,640,Colgate Herbal,81,340,340,459
frame-1213_jpg.rf.69420380178fc174268f600911f5265e.jpg,640,640,Colgate Herbal,91,449,352,551
Image_3_jpg.rf.4c47e5e8923aa720a4db3b1096fb7577.jpg,640,640,Colgate Max Fresh,13,123,631,260
Image_3_jpg.rf.4c47e5e8923aa720a4db3b1096fb7577.jpg,640,640,Colgate Max Fresh,11,254,633,392
Image_3_jpg.rf.4c47e5e8923aa720a4db3b1096fb7577.jpg,640,640,Colgate Max Fresh,10,389,627,523
Image_17_jpg.rf.734db314d24a49427bb0ef06ff06e3a2.jpg,640,640,Colgate Max Fresh,11,222,628,353
Image_17_jpg.rf.734db314d24a49427bb0ef06ff06e3a2.jpg,640,640,Colgate Max Fresh,12,188,625,235
Image_19_jpeg_jpg.rf.a3168990ef3282f2014ec6869ebd0b34.jpg,640,640,Colgate Max Fresh,19,23,619,155
Image_19_jpeg_jpg.rf.a3168990ef3282f2014ec6869ebd0b34.jpg,640,640,Colgate Max Fresh,20,186,621,317
Image_19_jpeg_jpg.rf.a3168990ef3282f2014ec6869ebd0b34.jpg,640,640,Colgate Max Fresh,18,350,616,484
Image_19_jpeg_jpg.rf.a3168990ef3282f2014ec6869ebd0b34.jpg,640,640,Colgate Max Fresh,22,513,620,636
frame-173_jpg.rf.4603efe07deb5b80b52487415a489eab.jpg,640,640,Colgate Triple Action,301,209,503,299
frame-173_jpg.rf.4603efe07deb5b80b52487415a489eab.jpg,640,640,Colgate Triple Action,298,311,512,403
frame-173_jpg.rf.4603efe07deb5b80b52487415a489eab.jpg,640,640,Colgate Triple Action,298,425,524,522
frame-173_jpg.rf.4603efe07deb5b80b52487415a489eab.jpg,640,640,Colgate Triple Action,298,112,492,209
frame-173_jpg.rf.4603efe07deb5b80b52487415a489eab.jpg,640,640,Colgate Original,85,204,297,302
frame-173_jpg.rf.4603efe07deb5b80b52487415a489eab.jpg,640,640,Colgate Original,75,312,297,403
frame-173_jpg.rf.4603efe07deb5b80b52487415a489eab.jpg,640,640,Colgate Original,60,427,293,522
IMG_20230223_135240_1_jpg.rf.040665d435d0040f0629da1ee5008271.jpg,640,640,Colgate Optic White,25,300,303,362
IMG_20230223_135240_1_jpg.rf.040665d435d0040f0629da1ee5008271.jpg,640,640,Colgate Optic White,14,244,296,309
IMG_20230223_135240_1_jpg.rf.040665d435d0040f0629da1ee5008271.jpg,640,640,Colgate Optic White,304,255,583,314
IMG_20230223_135240_1_jpg.rf.040665d435d0040f0629da1ee5008271.jpg,640,640,Colgate Optic White,301,306,575,374
IMG_20230223_135240_1_jpg.rf.040665d435d0040f0629da1ee5008271.jpg,640,640,Colgate Optic White,93,456,335,503
IMG_20230223_135240_1_jpg.rf.040665d435d0040f0629da1ee5008271.jpg,640,640,Colgate Optic White,338,462,578,510
IMG_20230223_135240_1_jpg.rf.040665d435d0040f0629da1ee5008271.jpg,640,640,Colgate Optic White,1,111,250,180
IMG_20230223_135240_1_jpg.rf.040665d435d0040f0629da1ee5008271.jpg,640,640,Colgate Optic White,0,32,218,112
IMG_20230223_135240_1_jpg.rf.040665d435d0040f0629da1ee5008271.jpg,640,640,Colgate Optic White,221,40,498,123
IMG_20230223_135240_1_jpg.rf.040665d435d0040f0629da1ee5008271.jpg,640,640,Colgate Optic White,252,114,522,198
IMG_20230223_135240_1_jpg.rf.040665d435d0040f0629da1ee5008271.jpg,640,640,Colgate Total,184,584,405,636
Image_13_jpg.rf.cd09eb4a896c9f3fa2806d885e407d5a.jpg,640,640,Colgate Max Fresh,48,272,595,396
Image_21_jpg.rf.bd0e0b6304dd84a57aada21fa6efa98d.jpg,640,640,Colgate Max Fresh,110,470,609,624
IMG_20230222_140413_jpg.rf.4a6ebacfef680387c09f5ca3f9f3fb83.jpg,640,640,Colgate Optic White,9,230,215,310
IMG_20230222_140413_jpg.rf.4a6ebacfef680387c09f5ca3f9f3fb83.jpg,640,640,Colgate Optic White,221,218,431,301
IMG_20230222_140413_jpg.rf.4a6ebacfef680387c09f5ca3f9f3fb83.jpg,640,640,Colgate Optic White,430,217,640,308
IMG_20230222_140413_jpg.rf.4a6ebacfef680387c09f5ca3f9f3fb83.jpg,640,640,Colgate Optic White,9,309,227,383
IMG_20230222_140413_jpg.rf.4a6ebacfef680387c09f5ca3f9f3fb83.jpg,640,640,Colgate Optic White,225,297,438,380
IMG_20230222_140413_jpg.rf.4a6ebacfef680387c09f5ca3f9f3fb83.jpg,640,640,Colgate Optic White,429,298,640,381
IMG_20230222_140413_jpg.rf.4a6ebacfef680387c09f5ca3f9f3fb83.jpg,640,640,Colgate Optic White,11,380,229,456
IMG_20230222_140413_jpg.rf.4a6ebacfef680387c09f5ca3f9f3fb83.jpg,640,640,Colgate Optic White,224,380,432,453
IMG_20230222_140413_jpg.rf.4a6ebacfef680387c09f5ca3f9f3fb83.jpg,640,640,Colgate Optic White,434,376,639,448
IMG_20230222_140413_jpg.rf.4a6ebacfef680387c09f5ca3f9f3fb83.jpg,640,640,Colgate Total,0,562,216,640
IMG_20230222_140413_jpg.rf.4a6ebacfef680387c09f5ca3f9f3fb83.jpg,640,640,Colgate Total,212,551,414,629
IMG_20230222_140413_jpg.rf.4a6ebacfef680387c09f5ca3f9f3fb83.jpg,640,640,Colgate Total,416,547,632,624
IMG_20230222_140413_jpg.rf.4a6ebacfef680387c09f5ca3f9f3fb83.jpg,640,640,Colgate Optic White,234,26,417,114
IMG_20230222_140413_jpg.rf.4a6ebacfef680387c09f5ca3f9f3fb83.jpg,640,640,Colgate Optic White,42,37,236,114
ph-11134207-7qul5-liavn1drtbt2c2_jpeg.rf.6060185b3f359048708de8c62160371f.jpg,640,640,Colgate Herbal,147,454,498,593
ph-11134207-7qul5-liavn1drtbt2c2_jpeg.rf.6060185b3f359048708de8c62160371f.jpg,640,640,Colgate Herbal,140,398,519,539
ph-11134207-7qul5-liavn1drtbt2c2_jpeg.rf.6060185b3f359048708de8c62160371f.jpg,640,640,Colgate Herbal,134,337,533,477
ph-11134207-7qul5-liavn1drtbt2c2_jpeg.rf.6060185b3f359048708de8c62160371f.jpg,640,640,Colgate Herbal,288,181,534,249
ph-11134207-7qul5-liavn1drtbt2c2_jpeg.rf.6060185b3f359048708de8c62160371f.jpg,640,640,Colgate Herbal,291,90,559,165
Image_33_jpg.rf.deaf8196270b76fae87963516dd91450.jpg,640,640,Colgate Max Fresh,32,245,614,385
20230203_110737_jpg.rf.20ad6de7e0ec9da080a012756a345f37.jpg,640,640,Colgate Optic White,49,244,594,325
frame-1079_jpg.rf.11fc3047acda0efc38ff7679450212ce.jpg,640,640,Colgate Max Fresh,86,237,304,329
frame-1079_jpg.rf.11fc3047acda0efc38ff7679450212ce.jpg,640,640,Colgate Max Fresh,76,342,303,442
frame-1079_jpg.rf.11fc3047acda0efc38ff7679450212ce.jpg,640,640,Colgate Max Fresh,68,467,299,564
frame-1079_jpg.rf.11fc3047acda0efc38ff7679450212ce.jpg,640,640,Colgate Max Fresh,308,227,510,332
frame-1079_jpg.rf.11fc3047acda0efc38ff7679450212ce.jpg,640,640,Colgate Max Fresh,310,341,521,436
frame-1079_jpg.rf.11fc3047acda0efc38ff7679450212ce.jpg,640,640,Colgate Max Fresh,306,457,537,562
Image_6_jpg.rf.c9db1883aa1fde33a29e0aa840d6b579.jpg,640,640,Colgate Max Fresh,46,172,607,396
IMG_20230210_125605_jpg.rf.703074c26493d0686a343bf11251506e.jpg,640,640,Colgate Total,16,354,589,460
IMG-0197_jpg.rf.d4ba8683f49eaf24034fecac0688d1e5.jpg,640,640,Colgate Total,0,199,273,289
IMG-0197_jpg.rf.d4ba8683f49eaf24034fecac0688d1e5.jpg,640,640,Colgate Total,2,391,269,484
IMG-0197_jpg.rf.d4ba8683f49eaf24034fecac0688d1e5.jpg,640,640,Colgate Total,1,334,274,425
IMG-0197_jpg.rf.d4ba8683f49eaf24034fecac0688d1e5.jpg,640,640,Colgate Total,1,271,273,356
IMG-0197_jpg.rf.d4ba8683f49eaf24034fecac0688d1e5.jpg,640,640,Colgate Total,274,367,529,444
IMG-0197_jpg.rf.d4ba8683f49eaf24034fecac0688d1e5.jpg,640,640,Colgate Total,274,320,536,397
IMG-0197_jpg.rf.d4ba8683f49eaf24034fecac0688d1e5.jpg,640,640,Colgate Total,275,262,534,331
IMG-0197_jpg.rf.d4ba8683f49eaf24034fecac0688d1e5.jpg,640,640,Colgate Total,276,206,554,277
IMG-3565_jpg.rf.2307cad1288c60597646deeb00b82a1e.jpg,640,640,Colgate Optic White,26,174,594,420
IMG-3565_jpg.rf.2307cad1288c60597646deeb00b82a1e.jpg,640,640,Colgate Optic White,26,14,590,185